image,annotations/0/label,annotations/0/coordinates/x,annotations/0/coordinates/y,annotations/0/coordinates/width,annotations/0/coordinates/height,annotations/1/label,annotations/1/coordinates/x,annotations/1/coordinates/y,annotations/1/coordinates/width,annotations/1/coordinates/height,annotations/2/label,annotations/2/coordinates/x,annotations/2/coordinates/y,annotations/2/coordinates/width,annotations/2/coordinates/height,annotations/3/label,annotations/3/coordinates/x,annotations/3/coordinates/y,annotations/3/coordinates/width,annotations/3/coordinates/height,annotations/4/label,annotations/4/coordinates/x,annotations/4/coordinates/y,annotations/4/coordinates/width,annotations/4/coordinates/height,annotations/5/label,annotations/5/coordinates/x,annotations/5/coordinates/y,annotations/5/coordinates/width,annotations/5/coordinates/height,annotations/6/label,annotations/6/coordinates/x,annotations/6/coordinates/y,annotations/6/coordinates/width,annotations/6/coordinates/height,annotations/7/label,annotations/7/coordinates/x,annotations/7/coordinates/y,annotations/7/coordinates/width,annotations/7/coordinates/height,annotations/0,annotations/8/label,annotations/8/coordinates/x,annotations/8/coordinates/y,annotations/8/coordinates/width,annotations/8/coordinates/height,annotations/9/label,annotations/9/coordinates/x,annotations/9/coordinates/y,annotations/9/coordinates/width,annotations/9/coordinates/height,annotations/10/label,annotations/10/coordinates/x,annotations/10/coordinates/y,annotations/10/coordinates/width,annotations/10/coordinates/height,annotations/11/label,annotations/11/coordinates/x,annotations/11/coordinates/y,annotations/11/coordinates/width,annotations/11/coordinates/height,annotations/12/label,annotations/12/coordinates/x,annotations/12/coordinates/y,annotations/12/coordinates/width,annotations/12/coordinates/height
img/01F3MMWC2QDXYF6PH3Y80CZ2MR.jpeg,รอยดำ,125,165,17,19,รอยดำ,149,158,18,18,รอยดำ,144,102,19,12,รอยดำ,147,40,16,18,รอยดำ,108,149,26,14,รอยดำ,108,172,17,13,รอยดำ,108,190,12,8,รอยดำ,100,185,20,16,,,,,,,,,,,,,,,,,,,,,,,,,,
img/01F3MMWSAGG0C6JYE1NYSM6GM4.jpeg,,,,,,,,,,,,,,,,,,,,,,,,,,,,,,,,,,,,,,,,,,,,,,,,,,,,,,,,,,,,,,,,,,
img/01F3MMWHQX27K1VQ2DNNKGJZRV.jpeg,สิวหัวหนอง,184,25,16,15,สิวอักเสบแดง,131,134,13,17,สิวอักเสบแดง,159,84,35,26,สิวอักเสบแดง,167,53,28,20,สิวอักเสบแดง,29,157,15,19,สิวอักเสบแดง,130,77,15,15,,,,,,,,,,,,,,,,,,,,,,,,,,,,,,,,,,,,
img/01F3MMWQ8CPEGRTX4RR44TCJH8.jpeg,,,,,,,,,,,,,,,,,,,,,,,,,,,,,,,,,,,,,,,,,,,,,,,,,,,,,,,,,,,,,,,,,,
img/01F3MMWPHM7QWX87HTV8QSWJ7S.jpeg,สิวหัวหนอง,131,196,23,18,สิวหัวหนอง,84,131,28,16,สิวหัวหนอง,199,169,24,19,สิวหัวหนอง,185,58,34,24,สิวอุดตัน,163,179,23,30,,,,,,,,,,,,,,,,,,,,,,,,,,,,,,,,,,,,,,,,,
img/01F3MMWQZ5T56XJEST3M6GP0S5.jpeg,,,,,,,,,,,,,,,,,,,,,,,,,,,,,,,,,,,,,,,,,,,,,,,,,,,,,,,,,,,,,,,,,,
img/01F3MMWRMC4TXQKFQWF8PSB3WS.jpeg,สิวอักเสบแดง,249,176,61,35,สิวอักเสบแดง,197,96,38,33,,,,,,,,,,,,,,,,,,,,,,,,,,,,,,,,,,,,,,,,,,,,,,,,,,,,,,,,
img/01F3MMWV7GC7CE8T9BBVKGW85Y.jpeg,,,,,,,,,,,,,,,,,,,,,,,,,,,,,,,,,,,,,,,,,,,,,,,,,,,,,,,,,,,,,,,,,,
img/01F3MMWVX2Z9ZE1Z0Y3R4JA8B5.jpeg,สิวหัวหนอง,59,115,19,15,สิวหัวหนอง,41,99,19,17,สิวหัวหนอง,233,102,20,19,สิวอักเสบแดง,91,152,26,31,สิวอักเสบแดง,102,129,28,17,สิวอุดตัน,230,150,20,13,,,,,,,,,,,,,,,,,,,,,,,,,,,,,,,,,,,,
img/01F3MMXFXYSP328NBSJCV28XBP.jpeg,สิวหัวหนอง,170,181,31,24,สิวอักเสบแดง,165,200,25,28,สิวอุดตัน,58,48,39,22,สิวอุดตัน,97,168,39,31,สิวอุดตัน,230,31,25,28,,,,,,,,,,,,,,,,,,,,,,,,,,,,,,,,,,,,,,,,,
img/01F3MMWWNTQHV3ZXDRAM5CDBA8.jpeg,รอยดำ,216,116,14,16,รอยดำ,202,102,20,15,สิวอุดตัน,90,175,24,15,,,,,,,,,,,,,,,,,,,,,,,,,,,,,,,,,,,,,,,,,,,,,,,,,,,
img/01F3MMWZJRJ2MEQTB4YYAG05DA.jpeg,รอยแดง,62,176,37,28,รอยแดง,133,47,24,14,รอยแดง,73,66,26,17,รอยแดง,50,86,26,17,รอยแดง,157,150,26,22,,,,,,,,,,,,,,,,,,,,,,,,,,,,,,,,,,,,,,,,,
img/01F3MMXGN9YWAJYCC8AX5VDNRW.jpeg,หลุมสิว,17,99,35,49,หลุมสิว,240,135,12,20,หลุมสิว,251,135,14,19,หลุมสิว,84,161,31,16,หลุมสิว,252,100,22,13,หลุมสิว,262,83,19,23,,,,,,,,,,,,,,,,,,,,,,,,,,,,,,,,,,,,
img/01F3MMX3DB7W0CEV30K2NZZR8Q.jpeg,รอยดำ,55,78,15,12,รอยดำ,60,92,15,12,สิวหัวหนอง,223,58,14,18,,,,,,,,,,,,,,,,,,,,,,,,,,,,,,,,,,,,,,,,,,,,,,,,,,,
img/01F3MMXDP88TZBXPFMT8Q5NERA.jpeg,สิวหัวหนอง,140,143,36,24,,,,,,,,,,,,,,,,,,,,,,,,,,,,,,,,,,,,,,,,,,,,,,,,,,,,,,,,,,,,,
img/01F3MMX4Q0AT7R9QQHB8C1B0AV.jpeg,สิวหัวหนอง,134,60,24,14,สิวอักเสบแดง,86,91,26,22,สิวอักเสบแดง,191,199,24,19,,,,,,,,,,,,,,,,,,,,,,,,,,,,,,,,,,,,,,,,,,,,,,,,,,,
img/01F3MMX6SD07BKJYXNPC9DHQTD.jpeg,สิวหัวดำ,139,86,19,13,สิวหัวดำ,150,21,19,26,สิวหัวดำ,114,104,21,15,สิวหัวดำ,117,138,15,15,สิวหัวดำ,104,145,14,7,สิวหัวดำ,123,178,19,12,สิวหัวดำ,41,175,19,12,สิวหัวดำ,66,47,27,19,,สิวหัวดำ,256,197,23,11,สิวหัวดำ,247,207,20,9,สิวหัวดำ,186,171,17,8,สิวหัวดำ,169,152,19,13,สิวหัวดำ,138,155,23,13
img/01F3MMX7F3R8GQ4RSCMS4A7M09.jpeg,หลุมสิว,100,103,24,33,หลุมสิว,64,89,23,19,หลุมสิว,114,202,17,14,หลุมสิว,99,200,25,14,หลุมสิว,131,125,29,21,หลุมสิว,161,123,19,14,หลุมสิว,68,138,24,26,,,,,,,,,,,,,,,,,,,,,,,,,,,,,,,
img/01F3MMXCBM9Y4W3GB8FVCD2W56.jpeg,สิวอักเสบแดง,201,87,31,33,สิวอักเสบแดง,149,75,47,25,สิวอักเสบแดง,70,133,39,21,สิวอักเสบแดง,78,114,30,17,สิวอักเสบแดง,100,108,32,23,สิวอุดตัน,105,161,33,21,สิวอุดตัน,131,188,20,21,,,,,,,,,,,,,,,,,,,,,,,,,,,,,,,
img/01F3MMXEDG1P94EJZ287EMNB9T.jpeg,แผลตกสะเก็ด,105,72,20,27,,,,,,,,,,,,,,,,,,,,,,,,,,,,,,,,,,,,,,,,,,,,,,,,,,,,,,,,,,,,,
